Page URL,Discovered
https://purpleheartlimo.com/,27 May 2026 (00:47 UTC)
https://purpleheartlimo.com/about.html,27 May 2026 (00:47 UTC)
https://purpleheartlimo.com/blog/,27 May 2026 (00:47 UTC)
https://purpleheartlimo.com/blog/5-myths-about-limousine-services-in-austin-debunked/,03 Jun 2026 (21:33 UTC)
https://purpleheartlimo.com/blog/5-tips-for-booking-a-limo-in-austin-for-your-special-event/,03 Jun 2026 (21:33 UTC)
https://purpleheartlimo.com/blog/addison-restaurant-row.html,27 May 2026 (00:47 UTC)
https://purpleheartlimo.com/blog/airport-transfers-made-easy-stress-free-travel-with-limo-services/,03 Jun 2026 (21:33 UTC)
https://purpleheartlimo.com/blog/arlington-entertainment.html,27 May 2026 (00:47 UTC)
https://purpleheartlimo.com/blog/best-restaurants-dfw.html,27 May 2026 (00:47 UTC)
https://purpleheartlimo.com/blog/bishop-arts-dallas.html,27 May 2026 (00:47 UTC)
https://purpleheartlimo.com/blog/christmas-dfw.html,27 May 2026 (00:47 UTC)
https://purpleheartlimo.com/blog/corporate-transportation-dfw.html,27 May 2026 (00:47 UTC)
https://purpleheartlimo.com/blog/dallas-arts-district.html,27 May 2026 (00:47 UTC)
https://purpleheartlimo.com/blog/dallas-cowboys-game-limo.html,27 May 2026 (00:47 UTC)
https://purpleheartlimo.com/blog/dallas-hotels-guide.html,27 May 2026 (00:47 UTC)
https://purpleheartlimo.com/blog/dallas-luxury-shopping.html,27 May 2026 (00:47 UTC)
https://purpleheartlimo.com/blog/dallas-mavericks-limo.html,27 May 2026 (00:47 UTC)
https://purpleheartlimo.com/blog/dallas-medical-transport.html,27 May 2026 (00:47 UTC)
https://purpleheartlimo.com/blog/dallas-nightlife.html,27 May 2026 (00:47 UTC)
https://purpleheartlimo.com/blog/dallas-restaurant-week.html,27 May 2026 (00:47 UTC)
https://purpleheartlimo.com/blog/dallas-stars-game.html,27 May 2026 (00:47 UTC)
https://purpleheartlimo.com/blog/deep-ellum-dallas-guide.html,27 May 2026 (00:47 UTC)
https://purpleheartlimo.com/blog/dfw-airport-limo-guide.html,27 May 2026 (00:47 UTC)
https://purpleheartlimo.com/blog/dfw-anniversary-dinner.html,27 May 2026 (00:47 UTC)
https://purpleheartlimo.com/blog/dfw-art-galleries.html,27 May 2026 (00:47 UTC)
https://purpleheartlimo.com/blog/dfw-arts-festivals.html,27 May 2026 (00:47 UTC)
https://purpleheartlimo.com/blog/dfw-bachelorette-party.html,27 May 2026 (00:47 UTC)
https://purpleheartlimo.com/blog/dfw-birthday-limo.html,27 May 2026 (00:47 UTC)
https://purpleheartlimo.com/blog/dfw-brewery-wine-tour.html,27 May 2026 (00:47 UTC)
https://purpleheartlimo.com/blog/dfw-brunch-guide.html,27 May 2026 (00:47 UTC)
https://purpleheartlimo.com/blog/dfw-charity-gala.html,27 May 2026 (00:47 UTC)
https://purpleheartlimo.com/blog/dfw-concert-venues.html,27 May 2026 (00:47 UTC)
https://purpleheartlimo.com/blog/dfw-corporate-event-venues.html,27 May 2026 (00:47 UTC)
https://purpleheartlimo.com/blog/dfw-executive-car-service.html,27 May 2026 (00:47 UTC)
https://purpleheartlimo.com/blog/dfw-family-activities.html,27 May 2026 (00:47 UTC)
https://purpleheartlimo.com/blog/dfw-golf-courses.html,27 May 2026 (00:47 UTC)
https://purpleheartlimo.com/blog/dfw-graduation-limo.html,27 May 2026 (00:47 UTC)
https://purpleheartlimo.com/blog/dfw-lakes-guide.html,27 May 2026 (00:47 UTC)
https://purpleheartlimo.com/blog/dfw-live-music-scene.html,27 May 2026 (00:47 UTC)
https://purpleheartlimo.com/blog/dfw-luxury-experiences.html,27 May 2026 (00:47 UTC)
https://purpleheartlimo.com/blog/dfw-new-resident-guide.html,27 May 2026 (00:47 UTC)
https://purpleheartlimo.com/blog/dfw-new-years-eve.html,27 May 2026 (00:47 UTC)
https://purpleheartlimo.com/blog/dfw-nightlife-safety.html,27 May 2026 (00:47 UTC)
https://purpleheartlimo.com/blog/dfw-quinceaneara-limo.html,27 May 2026 (00:47 UTC)
https://purpleheartlimo.com/blog/dfw-real-estate-tours.html,27 May 2026 (00:47 UTC)
https://purpleheartlimo.com/blog/dfw-rooftop-bars.html,27 May 2026 (00:47 UTC)
https://purpleheartlimo.com/blog/dfw-silicon-prairie.html,27 May 2026 (00:47 UTC)
https://purpleheartlimo.com/blog/dfw-spa-wellness.html,27 May 2026 (00:47 UTC)
https://purpleheartlimo.com/blog/dfw-sporting-events.html,27 May 2026 (00:47 UTC)
https://purpleheartlimo.com/blog/dfw-thanksgiving.html,27 May 2026 (00:47 UTC)
https://purpleheartlimo.com/blog/dfw-valentines-day.html,27 May 2026 (00:47 UTC)
https://purpleheartlimo.com/blog/dfw-wedding-venues.html,27 May 2026 (00:47 UTC)
https://purpleheartlimo.com/blog/dfw-wine-country.html,27 May 2026 (00:47 UTC)
https://purpleheartlimo.com/blog/dfw-world-cup-2026.html,27 May 2026 (00:47 UTC)
https://purpleheartlimo.com/blog/fair-park-dallas.html,27 May 2026 (00:47 UTC)
https://purpleheartlimo.com/blog/fort-worth-stockyards.html,27 May 2026 (00:47 UTC)
https://purpleheartlimo.com/blog/fort-worth-things-to-do.html,27 May 2026 (00:47 UTC)
https://purpleheartlimo.com/blog/frequently-asked-questions-about-hiring-a-limo-service-in-austin/,27 May 2026 (00:47 UTC)
https://purpleheartlimo.com/blog/grapevine-texas-guide.html,27 May 2026 (00:47 UTC)
https://purpleheartlimo.com/blog/highland-park-village.html,27 May 2026 (00:47 UTC)
https://purpleheartlimo.com/blog/july-4th-dfw.html,27 May 2026 (00:47 UTC)
https://purpleheartlimo.com/blog/las-colinas-guide.html,27 May 2026 (00:47 UTC)
https://purpleheartlimo.com/blog/legacy-west-plano.html,27 May 2026 (00:47 UTC)
https://purpleheartlimo.com/blog/limo-vs-rideshare-dfw.html,27 May 2026 (00:47 UTC)
https://purpleheartlimo.com/blog/lower-greenville-dallas.html,27 May 2026 (00:47 UTC)
https://purpleheartlimo.com/blog/mckinney-historic-district.html,27 May 2026 (00:47 UTC)
https://purpleheartlimo.com/blog/near-southside-fort-worth.html,27 May 2026 (00:47 UTC)
https://purpleheartlimo.com/blog/plano-frisco-guide.html,27 May 2026 (00:47 UTC)
https://purpleheartlimo.com/blog/private-jet-dfw.html,27 May 2026 (00:47 UTC)
https://purpleheartlimo.com/blog/prom-limo-dfw.html,27 May 2026 (00:47 UTC)
https://purpleheartlimo.com/blog/southlake-town-square.html,27 May 2026 (00:47 UTC)
https://purpleheartlimo.com/blog/sundance-square-fort-worth.html,27 May 2026 (00:47 UTC)
https://purpleheartlimo.com/blog/texas-rangers-game.html,27 May 2026 (00:47 UTC)
https://purpleheartlimo.com/blog/things-to-do-dallas-weekend.html,27 May 2026 (00:47 UTC)
https://purpleheartlimo.com/blog/trinity-groves-dallas.html,27 May 2026 (00:47 UTC)
https://purpleheartlimo.com/blog/uptown-dallas-guide.html,27 May 2026 (00:47 UTC)
https://purpleheartlimo.com/booking.html,27 May 2026 (00:47 UTC)
https://purpleheartlimo.com/cancellation-policy.html,27 May 2026 (00:47 UTC)
https://purpleheartlimo.com/car-service-dallas-love-field/,03 Jun 2026 (21:33 UTC)
https://purpleheartlimo.com/contact.html,27 May 2026 (00:47 UTC)
https://purpleheartlimo.com/es/booking.html,03 Jun 2026 (23:17 UTC)
https://purpleheartlimo.com/es/fleet.html,27 May 2026 (00:47 UTC)
https://purpleheartlimo.com/es/limo-service-austin-tx/,03 Jun 2026 (23:15 UTC)
https://purpleheartlimo.com/fleet.html,27 May 2026 (00:47 UTC)
https://purpleheartlimo.com/flight-tracker.html,27 May 2026 (00:47 UTC)
https://purpleheartlimo.com/gallery.html,27 May 2026 (00:47 UTC)
https://purpleheartlimo.com/limo-service-austin-tx/,27 May 2026 (00:47 UTC)
https://purpleheartlimo.com/limo-service-dallas-tx/,27 May 2026 (00:47 UTC)
https://purpleheartlimo.com/limo-service-houston-tx/,27 May 2026 (00:47 UTC)
https://purpleheartlimo.com/locations/,27 May 2026 (00:47 UTC)
https://purpleheartlimo.com/privacy-policy.html,27 May 2026 (00:47 UTC)
https://purpleheartlimo.com/rates.html,27 May 2026 (00:47 UTC)
https://purpleheartlimo.com/service-areas.html,27 May 2026 (00:47 UTC)
https://purpleheartlimo.com/services.html,27 May 2026 (00:47 UTC)
https://purpleheartlimo.com/terms-of-service.html,27 May 2026 (00:47 UTC)
https://purpleheartlimo.com/testimonials.html,27 May 2026 (00:47 UTC)
