"Page URL with Title too long ","Page depth"
"https://purpleheartlimo.com/blog/how-much-does-limo-service-cost-austin-2026/","2"
"https://purpleheartlimo.com/blog/prom-night-perfection--tips-for-booking-a-limo-in-austin/","2"
"https://purpleheartlimo.com/blog/executive-business-travel-austin-corporate-limo-guide/","2"
"https://purpleheartlimo.com/blog/why-choose-purple-heart-for-your-corporate-transportation-needs-in-austin/","2"
"https://purpleheartlimo.com/blog/seasonal-events-in-austin--why-a-limo-service-is-your-best-choice/","2"
"https://purpleheartlimo.com/blog/limo-service-from-dallas-to-austin/","2"
"https://purpleheartlimo.com/blog/prom-season-limo-booking-tips-for-austin-teens-and-parents/","2"
"https://purpleheartlimo.com/blog/best-wedding-venues-in-dallas-dfw-limo-service/","2"
"https://purpleheartlimo.com/blog/sxsw-limo-service-austin-transportation-guide/","2"
"https://purpleheartlimo.com/blog/how-to-plan-the-perfect-night-out-with-a-limo-in-austin/","2"
"https://purpleheartlimo.com/blog/f1-cota-limo-service-austin-grand-prix-transportation/","2"
"https://purpleheartlimo.com/blog/the-ultimate-guide-to-booking-a-limo-service-in-austin/","2"
"https://purpleheartlimo.com/blog/dallas-nightlife-guide-uptown-deep-ellum-by-limo/","2"
"https://purpleheartlimo.com/blog/dfw-anniversary-dinner.html","1"
"https://purpleheartlimo.com/blog/dallas-hotels-guide.html","1"
"https://purpleheartlimo.com/blog/highland-park-village.html","1"
"https://purpleheartlimo.com/blog/near-southside-fort-worth.html","1"
"https://purpleheartlimo.com/blog/lower-greenville-dallas.html","1"
"https://purpleheartlimo.com/blog/fort-worth-stockyards.html","1"
"https://purpleheartlimo.com/blog/fair-park-dallas.html","1"
"https://purpleheartlimo.com/blog/dfw-rooftop-bars.html","1"
"https://purpleheartlimo.com/blog/dallas-mavericks-limo.html","1"
"https://purpleheartlimo.com/blog/addison-restaurant-row.html","1"
"https://purpleheartlimo.com/blog/","1"
"https://purpleheartlimo.com/blog/corporate-transportation-dfw.html","1"
"https://purpleheartlimo.com/blog/dfw-brunch-guide.html","1"
"https://purpleheartlimo.com/blog/dfw-new-resident-guide.html","1"
"https://purpleheartlimo.com/blog/dfw-sporting-events.html","1"
"https://purpleheartlimo.com/blog/dfw-graduation-limo.html","1"
"https://purpleheartlimo.com/blog/plano-frisco-guide.html","1"
"https://purpleheartlimo.com/blog/dallas-stars-game.html","1"
"https://purpleheartlimo.com/blog/limo-vs-rideshare-dfw.html","1"
"https://purpleheartlimo.com/blog/deep-ellum-dallas-guide.html","1"
"https://purpleheartlimo.com/blog/prom-limo-dfw.html","1"
"https://purpleheartlimo.com/blog/dallas-medical-transport.html","1"
"https://purpleheartlimo.com/blog/dfw-real-estate-tours.html","1"
"https://purpleheartlimo.com/blog/dfw-thanksgiving.html","1"
"https://purpleheartlimo.com/blog/private-jet-dfw.html","1"
"https://purpleheartlimo.com/blog/dallas-nightlife.html","1"
"https://purpleheartlimo.com/blog/dfw-spa-wellness.html","1"
"https://purpleheartlimo.com/blog/uptown-dallas-guide.html","1"
"https://purpleheartlimo.com/blog/dfw-executive-car-service.html","1"
"https://purpleheartlimo.com/blog/things-to-do-dallas-weekend.html","1"
"https://purpleheartlimo.com/blog/texas-rangers-game.html","1"
"https://purpleheartlimo.com/blog/dfw-valentines-day.html","1"
"https://purpleheartlimo.com/services.html","1"
"https://purpleheartlimo.com/about.html","1"
"https://purpleheartlimo.com/blog/dfw-lakes-guide.html","1"
"https://purpleheartlimo.com/blog/sundance-square-fort-worth.html","1"
"https://purpleheartlimo.com/blog/dfw-brewery-wine-tour.html","1"
"https://purpleheartlimo.com/blog/southlake-town-square.html","1"
"https://purpleheartlimo.com/blog/july-4th-dfw.html","1"
"https://purpleheartlimo.com/blog/dfw-bachelorette-party.html","1"
"https://purpleheartlimo.com/blog/dfw-nightlife-safety.html","1"
"https://purpleheartlimo.com/blog/dfw-corporate-event-venues.html","1"
"https://purpleheartlimo.com/blog/christmas-dfw.html","1"
"https://purpleheartlimo.com/blog/dfw-live-music-scene.html","1"
"https://purpleheartlimo.com/blog/trinity-groves-dallas.html","1"
"https://purpleheartlimo.com/blog/dfw-arts-festivals.html","1"
"https://purpleheartlimo.com/blog/mckinney-historic-district.html","1"
"https://purpleheartlimo.com/blog/dfw-quinceaneara-limo.html","1"
"https://purpleheartlimo.com/locations/","1"
"https://purpleheartlimo.com/blog/dfw-wine-country.html","1"
"https://purpleheartlimo.com/blog/dfw-silicon-prairie.html","1"
"https://purpleheartlimo.com/blog/legacy-west-plano.html","1"
"https://purpleheartlimo.com/blog/dfw-birthday-limo.html","1"
"https://purpleheartlimo.com/blog/bishop-arts-dallas.html","1"
"https://purpleheartlimo.com/blog/las-colinas-guide.html","1"
"https://purpleheartlimo.com/blog/dfw-new-years-eve.html","1"
"https://purpleheartlimo.com/blog/arlington-entertainment.html","1"
"https://purpleheartlimo.com/flight-tracker.html","1"
"https://purpleheartlimo.com/blog/dfw-world-cup-2026.html","1"
"https://purpleheartlimo.com/blog/fort-worth-things-to-do.html","1"
"https://purpleheartlimo.com/blog/dallas-restaurant-week.html","1"
"https://purpleheartlimo.com/blog/dallas-luxury-shopping.html","1"
"https://purpleheartlimo.com/blog/dfw-art-galleries.html","1"
"https://purpleheartlimo.com/blog/dallas-cowboys-game-limo.html","1"
"https://purpleheartlimo.com/blog/dfw-golf-courses.html","1"
"https://purpleheartlimo.com/blog/dfw-luxury-experiences.html","1"
